ID,JoinDate,ClubID,StudentID
1,2022-10-06,1,255
2,2021-05-22,19,908
3,2021-04-26,3,15
4,2020-05-03,19,355
5,2020-07-08,9,197
6,2023-10-04,13,293
7,2024-09-16,16,963
8,2023-10-22,10,925
9,2024-09-29,15,185
10,2024-03-29,17,104
11,2021-07-16,7,965
12,2022-02-17,4,371
13,2022-04-06,17,532
14,2023-02-05,12,235
15,2021-05-21,16,395
16,2022-05-05,20,699
17,2024-09-24,12,350
18,2024-10-04,13,542
19,2023-05-17,6,176
20,2020-04-16,16,985
21,2022-10-03,16,757
22,2024-08-25,6,149
23,2020-03-17,18,201
24,2022-06-17,1,766
25,2023-04-17,7,466
26,2023-04-21,20,616
27,2023-07-01,15,242
28,2022-08-08,12,19
29,2023-11-29,1,226
30,2022-11-12,14,998
31,2024-03-11,17,330
32,2020-12-10,17,41
33,2021-07-14,10,789
34,2022-08-05,2,235
35,2023-12-16,16,205
36,2024-03-29,11,977
37,2023-04-28,1,983
38,2021-01-13,3,442
39,2020-12-22,8,935
40,2021-04-17,10,271
41,2023-12-02,4,917
42,2023-10-19,5,423
43,2024-10-15,10,284
44,2021-03-20,18,413
45,2024-11-07,7,996
46,2022-03-18,11,467
47,2023-12-03,16,376
48,2024-06-14,18,172
49,2024-10-02,4,268
50,2023-02-17,8,777
51,2020-01-26,5,27
52,2023-12-28,6,962
53,2024-03-28,13,120
54,2021-07-29,7,911
55,2020-02-16,9,450
56,2024-06-10,12,896
57,2020-11-19,11,886
58,2023-08-15,13,15
59,2023-11-27,9,974
60,2021-05-30,20,850
61,2021-04-17,9,609
62,2023-08-22,19,126
63,2020-01-15,11,947
64,2022-02-08,18,526
65,2020-03-28,12,252
66,2024-07-18,5,933
67,2020-01-07,2,705
68,2021-12-30,20,188
69,2022-09-24,2,166
70,2023-09-02,19,350
71,2024-11-17,8,54
72,2020-01-10,10,952
73,2022-07-12,6,498
74,2023-10-05,6,934
75,2024-07-25,8,279
76,2021-11-08,13,502
77,2023-11-16,14,511
78,2024-10-13,11,966
79,2020-03-12,4,904
80,2022-10-18,1,691
81,2024-11-26,20,28
82,2021-05-18,7,953
83,2023-02-07,11,765
84,2022-02-23,16,535
85,2023-02-26,10,746
86,2024-02-05,19,107
87,2024-06-12,5,472
88,2020-02-29,17,906
89,2021-06-07,11,80
90,2020-11-11,13,372
91,2024-05-20,16,185
92,2023-07-26,5,174
93,2023-01-16,9,713
94,2020-12-29,20,401
95,2020-06-24,19,87
96,2021-06-11,6,477
97,2021-01-01,6,995
98,2023-03-07,17,438
99,2023-04-19,17,355
100,2022-09-27,12,359
101,2020-12-24,19,1
102,2022-03-22,3,762
103,2024-10-24,20,685
104,2022-11-10,4,793
105,2023-05-07,2,47
106,2023-07-24,13,700
107,2023-09-15,2,447
108,2024-10-15,18,378
109,2021-09-20,19,269
110,2020-11-26,7,152
111,2023-09-03,10,822
112,2023-10-31,6,900
113,2024-05-01,20,758
114,2024-08-18,19,363
115,2022-03-06,18,375
116,2023-04-12,16,237
117,2021-12-07,4,661
118,2023-03-23,3,420
119,2023-10-20,3,26
120,2024-07-08,20,753
121,2021-09-25,4,95
122,2023-10-03,19,90
123,2023-03-05,17,342
124,2023-08-07,3,851
125,2023-09-24,12,373
126,2021-06-23,20,289
127,2023-01-16,11,41
128,2022-11-09,9,100
129,2023-03-09,11,664
130,2024-01-06,11,683
131,2024-04-10,2,206
132,2020-12-06,10,439
133,2023-06-17,15,367
134,2021-04-27,12,3
135,2024-09-06,19,120
136,2021-06-02,8,859
137,2020-11-29,13,784
138,2022-02-16,11,271
139,2021-05-04,8,107
140,2024-01-17,4,972
141,2022-11-12,5,370
142,2020-04-26,7,730
143,2021-06-13,8,10
144,2023-08-20,7,642
145,2024-10-19,9,126
146,2022-04-01,9,695
147,2020-08-18,8,446
148,2024-08-11,9,419
149,2023-07-15,18,534
150,2020-01-24,20,495
151,2022-10-12,9,647
152,2023-02-15,8,937
153,2022-05-24,12,474
154,2023-08-23,10,892
155,2024-11-01,8,644
156,2022-07-03,18,857
157,2023-02-06,1,542
158,2023-04-05,18,807
159,2023-11-11,3,250
160,2020-01-29,5,462
161,2020-08-16,5,880
162,2024-01-03,17,550
163,2022-01-09,13,986
164,2023-05-15,16,238
165,2023-05-25,18,940
166,2020-02-12,13,463
167,2022-03-12,19,753
168,2019-12-07,12,682
169,2021-07-24,11,536
170,2023-07-11,4,172
171,2024-10-06,8,840
172,2021-10-05,6,677
173,2021-07-19,2,195
174,2021-08-09,4,738
175,2022-08-04,11,735
176,2023-08-07,2,783
177,2023-08-26,20,995
178,2022-09-18,8,170
179,2020-11-22,19,174
180,2020-06-15,10,988
181,2021-08-06,2,40
182,2022-06-08,20,712
183,2023-09-26,5,406
184,2024-04-30,8,876
185,2022-03-17,10,985
186,2022-08-08,5,36
187,2022-07-24,16,343
188,2022-12-14,1,778
189,2021-11-05,13,688
190,2020-05-19,20,803
191,2024-08-20,6,718
192,2024-04-27,10,924
193,2020-03-10,18,654
194,2020-12-06,20,847
195,2021-05-24,2,528
196,2022-02-26,17,69
197,2024-02-14,7,312
198,2023-04-16,12,869
199,2023-04-16,19,856
200,2022-12-29,13,612
201,2022-04-14,10,890
202,2020-06-12,8,191
203,2023-01-28,8,59
204,2022-12-23,13,952
205,2020-07-14,20,726
206,2022-02-07,18,733
207,2024-02-28,14,123
208,2021-06-25,13,804
209,2023-03-06,6,585
210,2021-07-18,16,887
211,2024-11-25,19,890
212,2024-01-28,16,693
213,2021-02-07,19,222
214,2023-05-15,5,361
215,2024-11-21,20,273
216,2023-06-06,5,791
217,2021-09-23,14,895
218,2022-07-11,16,517
219,2021-08-02,3,103
220,2024-01-31,5,451
221,2022-04-18,3,221
222,2024-02-27,13,348
223,2024-09-18,19,283
224,2024-10-14,18,960
225,2020-11-17,18,806
226,2022-06-17,1,300
227,2024-01-18,5,826
228,2020-11-21,19,786
229,2024-11-08,7,402
230,2024-06-21,14,385
231,2020-09-19,6,233
232,2022-05-05,17,893
233,2022-04-26,1,740
234,2024-02-26,13,7
235,2024-07-26,10,31
236,2022-12-13,15,577
237,2022-10-25,7,537
238,2021-07-28,7,48
239,2020-08-30,15,634
240,2021-03-15,3,597
241,2022-02-04,8,115
242,2020-02-13,10,875
243,2023-06-19,17,218
244,2024-01-22,17,811
245,2020-02-08,18,932
246,2021-12-14,11,437
247,2022-06-16,5,767
248,2024-04-22,5,686
249,2021-02-25,3,507
250,2024-01-04,6,841
251,2022-03-29,20,324
252,2021-06-10,5,286
253,2021-07-06,20,17
254,2024-07-14,11,808
255,2024-11-06,12,795
256,2020-12-07,2,462
257,2024-01-18,15,323
258,2019-12-18,13,45
259,2024-06-15,16,894
260,2022-11-11,20,683
261,2022-08-22,9,230
262,2020-05-19,4,713
263,2021-11-28,18,706
264,2024-07-14,10,488
265,2020-12-18,20,136
266,2023-07-21,1,1
267,2020-05-31,7,42
268,2021-05-02,11,345
269,2020-09-20,14,929
270,2022-04-21,14,6
271,2019-12-25,12,963
272,2020-01-28,16,167
273,2020-11-02,13,688
274,2021-03-15,10,102
275,2022-05-18,4,997
276,2024-05-02,12,535
277,2023-04-06,4,419
278,2020-07-01,15,861
279,2023-04-27,1,414
280,2021-10-04,9,327
281,2023-01-15,6,564
282,2024-11-02,19,828
283,2024-03-24,13,545
284,2023-05-07,3,519
285,2023-04-14,2,892
286,2023-05-26,11,307
287,2020-01-05,13,681
288,2024-03-07,11,478
289,2024-09-05,1,332
290,2021-07-15,7,693
291,2023-08-17,9,269
292,2022-09-30,14,312
293,2021-02-27,1,335
294,2024-06-08,14,392
295,2024-02-26,18,233
296,2022-10-22,1,698
297,2024-08-16,15,766
298,2020-12-14,6,210
299,2019-12-16,10,145
300,2021-02-15,1,285
301,2024-09-30,8,167
302,2020-09-29,3,983
303,2021-07-19,6,966
304,2022-04-25,4,833
305,2020-09-26,3,676
306,2021-09-12,18,359
307,2024-03-15,17,651
308,2021-01-19,11,304
309,2024-01-09,8,462
310,2022-12-10,17,536
311,2023-11-20,19,921
312,2024-01-10,9,63
313,2023-06-07,1,924
314,2021-01-30,16,812
315,2022-11-17,18,246
316,2023-01-04,19,269
317,2022-03-20,2,692
318,2021-12-09,9,512
319,2021-01-01,13,589
320,2020-07-15,4,913
321,2023-06-26,8,77
322,2020-12-31,14,806
323,2022-06-13,10,55
324,2021-01-15,1,541
325,2022-05-29,12,17
326,2024-04-05,17,750
327,2022-09-24,19,743
328,2024-04-16,1,919
329,2021-08-15,6,843
330,2023-10-06,13,1000
331,2020-12-04,14,176
332,2022-04-21,7,117
333,2021-03-30,6,316
334,2020-03-16,7,248
335,2022-12-09,15,744
336,2022-01-16,7,954
337,2024-08-06,1,567
338,2020-04-16,20,916
339,2020-01-13,12,746
340,2024-01-07,7,152
341,2020-08-31,8,307
342,2020-08-03,18,704
343,2023-10-07,4,816
344,2022-10-03,19,986
345,2022-11-16,2,97
346,2023-08-09,1,411
347,2020-07-17,5,384
348,2020-09-29,14,783
349,2024-10-07,17,354
350,2022-08-02,15,660
351,2022-09-15,6,346
352,2020-04-15,19,738
353,2022-09-24,1,28
354,2020-05-09,12,465
355,2021-10-01,18,157
356,2021-09-28,1,347
357,2023-05-19,9,472
358,2022-07-27,20,707
359,2024-06-06,7,9
360,2023-09-21,7,762
361,2021-06-03,19,581
362,2019-12-05,1,713
363,2022-04-01,1,785
364,2021-01-25,3,483
365,2022-12-21,11,438
366,2021-03-19,8,127
367,2023-06-03,15,411
368,2020-03-14,6,124
369,2021-03-15,14,825
370,2022-04-27,8,134
371,2020-02-02,19,474
372,2023-09-21,14,100
373,2022-02-25,4,154
374,2021-04-16,14,639
375,2020-07-14,18,169
376,2023-05-26,9,617
377,2023-01-22,2,976
378,2020-06-04,5,904
379,2024-06-30,7,561
380,2021-03-27,9,664
381,2024-08-16,11,832
382,2023-06-21,14,206
383,2021-01-14,1,438
384,2022-08-22,20,575
385,2021-08-25,4,503
386,2023-03-22,11,413
387,2021-10-11,19,308
388,2021-12-27,15,536
389,2022-04-09,14,808
390,2024-06-04,14,409
391,2022-10-14,16,56
392,2022-10-05,1,880
393,2020-07-24,14,276
394,2022-12-29,10,773
395,2021-01-17,10,268
396,2021-01-19,16,533
397,2023-09-02,16,337
398,2024-09-26,14,842
399,2022-01-04,13,68
400,2020-12-03,1,835
401,2023-04-08,12,46
402,2022-10-19,20,467
403,2023-01-14,4,631
404,2020-05-19,11,613
405,2024-11-12,1,885
406,2020-03-21,13,70
407,2021-04-23,2,254
408,2022-01-04,10,875
409,2024-05-13,7,19
410,2020-01-14,1,414
411,2023-11-25,15,615
412,2020-07-06,12,676
413,2021-08-23,19,947
414,2022-10-13,18,308
415,2024-03-08,8,786
416,2020-02-15,4,237
417,2023-11-10,17,484
418,2022-02-08,8,249
419,2023-06-15,8,985
420,2023-10-09,20,412
421,2024-11-13,14,817
422,2020-03-25,4,427
423,2023-09-22,20,314
424,2024-09-02,2,866
425,2020-05-06,1,565
426,2020-07-15,6,625
427,2022-05-17,12,380
428,2024-06-15,7,793
429,2021-10-15,8,698
430,2022-12-12,5,88
431,2022-04-24,12,747
432,2024-05-23,17,524
433,2020-06-14,3,299
434,2020-06-30,19,580
435,2023-03-07,1,869
436,2024-11-16,2,874
437,2020-11-10,12,138
438,2020-10-22,17,571
439,2022-06-17,5,290
440,2023-07-26,17,190
441,2021-09-12,17,769
442,2024-04-14,16,770
443,2020-09-23,12,767
444,2021-03-22,19,679
445,2021-08-16,4,445
446,2024-06-23,10,241
447,2023-02-12,9,539
448,2022-07-22,8,68
449,2021-05-15,3,152
450,2021-05-03,7,713
451,2020-07-19,1,188
452,2021-05-29,15,786
453,2024-11-17,16,615
454,2022-05-12,20,294
455,2021-09-09,7,16
456,2022-04-16,1,218
457,2022-06-09,10,814
458,2021-07-06,4,267
459,2023-09-16,6,441
460,2021-05-16,12,330
461,2024-02-10,9,311
462,2023-04-09,15,260
463,2021-06-24,6,40
464,2021-02-17,20,48
465,2024-07-16,19,129
466,2022-12-02,15,411
467,2021-06-17,20,64
468,2022-06-14,13,282
469,2021-10-31,15,224
470,2021-06-03,7,57
471,2022-05-04,8,59
472,2021-07-12,7,23
473,2021-01-04,16,581
474,2023-03-01,19,832
475,2024-04-03,4,84
476,2023-12-23,5,719
477,2024-01-22,20,126
478,2021-05-26,6,126
479,2021-11-29,12,607
480,2024-04-29,11,859
481,2024-01-12,14,235
482,2021-07-05,9,504
483,2022-10-09,18,200
484,2021-01-26,6,106
485,2021-03-10,18,288
486,2022-02-05,7,211
487,2022-07-19,10,498
488,2022-03-13,20,247
489,2021-10-12,15,257
490,2023-09-10,4,376
491,2020-12-01,12,51
492,2021-10-12,11,298
493,2024-07-26,16,523
494,2023-02-09,6,692
495,2023-04-17,1,861
496,2021-02-17,1,549
497,2022-09-15,6,743
498,2021-05-02,9,651
499,2022-08-19,12,976
500,2021-08-03,15,684
501,2024-05-22,6,939
502,2022-11-18,15,264
503,2024-07-10,4,126
504,2024-07-06,3,485
505,2022-07-02,19,788
506,2021-09-04,6,681
507,2023-08-08,10,333
508,2024-09-23,7,287
509,2020-10-06,20,612
510,2021-07-23,3,131
511,2023-04-05,2,862
512,2021-06-06,15,46
513,2021-07-03,2,124
514,2020-06-30,4,353
515,2020-05-02,10,834
516,2020-07-18,16,406
517,2020-06-15,4,78
518,2021-05-09,19,894
519,2023-05-19,20,964
520,2022-12-09,8,646
521,2023-03-31,17,942
522,2024-11-09,13,231
523,2021-10-18,3,260
524,2021-02-26,6,100
525,2023-11-20,17,992
526,2023-01-08,4,247
527,2020-02-27,13,416
528,2021-01-20,4,254
529,2023-04-25,13,385
530,2023-08-26,16,805
531,2019-12-05,12,344
532,2023-10-18,7,113
533,2023-01-10,3,876
534,2021-10-19,14,146
535,2024-09-27,20,213
536,2020-05-03,5,559
537,2020-06-01,8,454
538,2022-02-22,15,169
539,2023-06-05,9,251
540,2024-07-15,7,441
541,2024-08-07,17,157
542,2020-04-20,3,267
543,2023-09-27,7,734
544,2024-07-30,12,417
545,2023-02-10,1,231
546,2020-10-05,20,960
547,2021-06-22,12,882
548,2021-03-13,6,52
549,2021-04-04,2,510
550,2023-10-07,14,60
551,2022-05-08,8,997
552,2021-06-09,10,945
553,2023-06-11,15,281
554,2024-11-23,12,546
555,2020-06-01,9,469
556,2022-08-17,7,425
557,2024-01-23,14,6
558,2020-03-25,10,567
559,2024-05-29,1,715
560,2023-11-13,16,288
561,2020-06-08,16,579
562,2022-02-15,5,534
563,2024-10-17,4,104
564,2024-05-24,9,356
565,2023-10-28,18,103
566,2021-01-27,2,602
567,2023-02-10,3,260
568,2024-01-01,3,146
569,2022-06-03,6,543
570,2023-03-29,8,266
571,2024-01-30,16,112
572,2022-04-13,12,809
573,2021-03-25,8,648
574,2024-05-25,4,439
575,2021-12-08,12,133
576,2023-03-24,2,211
577,2022-09-19,16,464
578,2020-05-21,9,911
579,2024-02-13,12,318
580,2021-09-08,9,213
581,2023-11-18,7,912
582,2020-08-10,10,245
583,2022-06-08,16,423
584,2023-06-25,12,940
585,2024-05-02,8,310
586,2024-09-24,7,865
587,2020-01-22,19,321
588,2021-10-20,11,575
589,2024-06-26,16,50
590,2022-12-23,3,91
591,2021-08-10,13,367
592,2021-09-09,18,914
593,2019-12-22,2,525
594,2020-09-24,20,389
595,2021-08-31,5,244
596,2023-08-15,16,814
597,2021-05-03,15,365
598,2021-01-10,17,356
599,2020-08-29,2,122
600,2024-07-07,9,498
601,2023-07-01,2,141
602,2023-07-12,20,767
603,2024-09-04,4,107
604,2022-04-16,8,123
605,2020-07-30,3,447
606,2021-09-16,6,942
607,2023-05-31,13,666
608,2022-05-21,2,672
609,2022-11-28,10,827
610,2022-02-10,14,395
611,2022-02-18,17,345
612,2023-06-05,19,837
613,2023-07-16,18,99
614,2022-09-15,3,37
615,2024-03-10,19,343
616,2021-11-27,16,811
617,2024-06-13,13,307
618,2021-11-07,1,270
619,2024-06-14,4,721
620,2024-11-23,5,831
621,2022-09-24,7,966
622,2020-06-10,7,982
623,2020-04-25,3,570
624,2023-02-20,7,132
625,2020-08-27,19,11
626,2023-11-22,16,9
627,2020-08-16,13,257
628,2021-09-13,7,243
629,2022-01-16,18,373
630,2022-06-21,4,364
631,2022-10-10,11,410
632,2020-02-11,15,803
633,2020-03-28,5,840
634,2022-03-12,14,539
635,2020-04-11,4,915
636,2020-10-14,17,137
637,2021-08-26,9,445
638,2021-02-19,15,116
639,2024-01-10,15,224
640,2021-08-12,3,72
641,2023-07-30,6,748
642,2021-09-08,10,695
643,2023-10-30,1,233
644,2022-11-16,18,957
645,2020-11-26,18,618
646,2022-07-10,20,553
647,2022-05-25,16,116
648,2022-08-05,3,694
649,2023-07-11,7,246
650,2022-07-02,8,292
651,2020-09-18,12,122
652,2023-08-22,18,863
653,2023-11-03,15,546
654,2019-12-25,17,96
655,2021-12-29,1,920
656,2022-08-05,18,585
657,2021-07-12,10,153
658,2022-12-14,8,463
659,2020-12-08,11,206
660,2021-03-25,16,738
661,2024-07-01,3,640
662,2023-10-14,11,918
663,2021-09-09,19,52
664,2021-11-14,4,553
665,2022-07-13,18,54
666,2023-03-27,6,342
667,2023-01-01,16,450
668,2019-12-19,4,274
669,2020-11-19,10,560
670,2023-08-28,12,958
671,2023-05-11,4,375
672,2023-10-14,14,167
673,2020-10-15,16,600
674,2024-05-02,17,619
675,2021-11-01,2,460
676,2022-12-24,10,395
677,2021-03-15,12,385
678,2023-09-27,20,73
679,2021-01-09,2,772
680,2022-12-13,20,26
681,2020-02-10,6,908
682,2024-01-21,9,423
683,2023-03-27,9,637
684,2022-06-29,12,903
685,2021-09-07,5,124
686,2022-10-15,16,681
687,2022-11-23,6,294
688,2023-01-19,19,224
689,2023-07-27,17,271
690,2020-05-09,16,598
691,2023-03-26,15,767
692,2022-12-09,6,407
693,2022-10-17,14,570
694,2020-07-21,8,895
695,2022-09-06,5,404
696,2024-03-10,20,446
697,2020-12-23,14,243
698,2020-06-20,8,516
699,2024-04-03,6,588
700,2020-09-23,1,743
701,2024-09-02,2,695
702,2022-01-15,12,581
703,2023-05-18,1,264
704,2021-03-11,17,67
705,2023-06-10,17,181
706,2022-03-08,7,702
707,2020-04-21,9,445
708,2020-06-03,17,942
709,2023-07-10,13,564
710,2021-03-26,5,616
711,2023-06-08,3,12
712,2023-05-12,1,411
713,2020-04-27,4,156
714,2021-12-01,11,831
715,2024-09-05,19,915
716,2024-01-26,8,231
717,2023-06-12,3,110
718,2021-05-16,7,520
719,2021-11-18,13,296
720,2021-06-22,6,97
721,2020-10-26,11,416
722,2022-02-18,3,325
723,2020-09-20,10,779
724,2020-01-31,19,955
725,2023-07-01,12,302
726,2022-07-19,7,639
727,2024-01-26,19,88
728,2024-02-12,6,687
729,2020-12-24,15,296
730,2024-03-22,4,368
731,2019-12-20,13,542
732,2022-06-13,2,155
733,2023-09-15,10,323
734,2024-04-16,10,822
735,2022-11-09,1,95
736,2023-09-01,9,733
737,2020-07-11,14,398
738,2023-07-27,19,786
739,2023-03-13,14,310
740,2020-04-12,17,332
741,2021-01-24,18,785
742,2022-11-27,7,563
743,2021-11-16,18,148
744,2021-01-12,10,827
745,2023-08-04,11,408
746,2024-09-23,2,191
747,2023-08-14,16,53
748,2022-05-01,13,524
749,2024-11-24,5,601
750,2024-06-17,19,102
751,2020-08-28,18,32
752,2020-12-19,8,481
753,2024-04-20,9,278
754,2021-03-18,18,390
755,2024-11-27,2,161
756,2023-03-11,10,18
757,2020-01-12,1,692
758,2023-04-13,6,78
759,2024-07-03,12,833
760,2020-08-27,19,660
761,2020-07-27,11,845
762,2020-01-26,17,465
763,2020-01-12,2,431
764,2021-09-23,12,495
765,2023-02-25,2,407
766,2024-02-09,12,238
767,2023-03-29,4,99
768,2023-10-21,5,395
769,2020-01-20,13,150
770,2023-03-02,17,361
771,2022-05-26,15,989
772,2021-06-26,2,961
773,2020-02-04,4,928
774,2023-05-23,1,660
775,2021-02-15,3,909
776,2020-05-03,19,319
777,2022-03-24,5,349
778,2022-09-04,18,954
779,2020-09-20,10,734
780,2023-01-24,6,993
781,2023-04-13,11,636
782,2020-06-21,3,283
783,2023-02-03,9,335
784,2020-11-25,20,744
785,2023-02-10,19,808
786,2020-06-11,14,654
787,2023-11-24,12,431
788,2024-03-31,8,164
789,2022-08-11,15,532
790,2023-05-28,20,750
791,2022-11-17,14,512
792,2021-08-28,2,625
793,2023-05-28,9,110
794,2024-05-29,2,204
795,2023-11-11,5,32
796,2024-11-12,3,592
797,2024-06-30,11,936
798,2023-01-20,2,735
799,2022-11-06,2,463
800,2021-10-18,13,936
801,2021-11-03,7,227
802,2023-07-24,10,768
803,2022-04-26,11,812
804,2022-05-25,8,433
805,2020-05-14,11,223
806,2021-03-20,11,617
807,2020-09-10,15,131
808,2022-08-26,15,461
809,2021-08-21,5,358
810,2024-09-10,14,788
811,2021-07-13,13,837
812,2020-03-30,12,373
813,2023-04-23,5,192
814,2022-06-10,4,83
815,2020-05-09,11,561
816,2020-08-16,12,989
817,2020-04-15,11,144
818,2022-04-13,7,195
819,2024-09-10,20,27
820,2024-07-10,17,479
821,2021-05-31,17,262
822,2021-05-22,2,526
823,2023-06-26,6,740
824,2022-03-15,4,96
825,2023-06-22,6,743
826,2022-01-06,8,444
827,2024-07-18,18,831
828,2021-01-14,18,698
829,2023-07-27,9,738
830,2022-12-25,3,526
831,2024-08-17,16,750
832,2023-01-01,2,842
833,2023-07-11,9,198
834,2021-11-07,1,46
835,2023-03-06,2,723
836,2022-12-14,20,369
837,2020-02-16,20,251
838,2023-12-23,9,512
839,2023-06-26,18,20
840,2023-02-28,12,602
841,2024-07-18,7,875
842,2022-01-21,12,423
843,2020-02-25,19,631
844,2023-10-12,20,15
845,2020-09-13,13,955
846,2023-05-13,7,694
847,2024-03-18,15,675
848,2020-10-10,3,353
849,2024-04-18,13,808
850,2023-09-10,3,105
851,2023-10-10,7,743
852,2023-08-25,6,913
853,2022-05-15,17,638
854,2020-04-25,19,329
855,2019-12-18,2,196
856,2021-04-12,9,983
857,2024-04-04,18,311
858,2022-08-07,17,414
859,2023-04-03,13,917
860,2020-10-31,14,844
861,2020-01-21,8,550
862,2020-08-30,8,224
863,2024-05-23,10,584
864,2024-07-02,20,300
865,2021-07-31,3,844
866,2024-01-19,15,394
867,2021-03-05,1,515
868,2020-05-26,19,836
869,2024-10-02,9,439
870,2021-06-08,14,642
871,2023-02-22,7,84
872,2021-08-18,13,711
873,2024-05-17,11,949
874,2023-03-27,18,505
875,2020-05-04,8,907
876,2022-11-15,5,777
877,2019-11-30,3,659
878,2022-02-16,20,574
879,2020-05-21,19,90
880,2020-05-14,11,64
881,2024-08-22,20,25
882,2023-03-23,1,749
883,2020-05-25,11,121
884,2023-09-22,12,696
885,2021-10-28,1,52
886,2020-04-15,14,136
887,2023-04-07,16,229
888,2023-01-29,19,705
889,2022-01-22,19,4
890,2022-11-27,1,827
891,2023-03-19,17,276
892,2024-09-04,19,315
893,2020-03-03,6,388
894,2022-07-21,14,623
895,2020-07-24,3,898
896,2023-07-11,17,921
897,2023-01-18,2,287
898,2023-12-22,2,86
899,2021-08-05,6,130
900,2019-12-13,15,980
901,2023-09-25,15,601
902,2020-03-29,12,950
903,2021-07-28,6,802
904,2021-08-14,4,577
905,2023-05-10,19,555
906,2021-12-06,18,211
907,2021-02-11,11,400
908,2020-02-07,18,155
909,2024-07-12,13,198
910,2024-07-23,18,165
911,2024-03-11,5,389
912,2021-02-17,3,148
913,2022-07-21,14,902
914,2020-06-16,1,291
915,2021-03-08,18,142
916,2023-11-29,4,235
917,2020-01-11,8,689
918,2022-05-28,9,310
919,2024-06-27,5,771
920,2020-03-20,13,205
921,2022-10-27,11,974
922,2019-12-03,15,940
923,2022-10-26,18,192
924,2023-09-16,10,516
925,2024-03-25,3,386
926,2020-03-20,18,339
927,2022-12-17,6,629
928,2020-08-24,18,765
929,2023-05-11,3,981
930,2024-03-02,8,820
931,2024-07-14,9,821
932,2022-05-03,17,749
933,2023-02-22,11,892
934,2020-03-23,2,576
935,2022-01-06,10,620
936,2023-11-26,16,547
937,2020-09-26,18,525
938,2022-07-23,17,988
939,2020-05-27,1,558
940,2021-08-10,5,916
941,2024-04-29,16,481
942,2020-04-13,2,568
943,2022-08-08,3,264
944,2022-12-20,17,76
945,2020-07-13,20,634
946,2023-12-25,14,968
947,2023-11-29,16,517
948,2021-06-06,7,508
949,2023-02-14,11,919
950,2022-11-20,18,980
951,2020-03-29,9,570
952,2023-09-02,6,479
953,2019-12-02,5,744
954,2023-07-17,7,573
955,2022-12-26,10,975
956,2020-08-13,7,213
957,2023-02-22,16,150
958,2023-06-13,19,555
959,2023-08-13,15,334
960,2020-11-27,10,301
961,2022-05-10,8,711
962,2021-06-06,7,410
963,2021-10-16,15,377
964,2021-08-30,20,643
965,2022-02-05,2,646
966,2024-04-21,20,821
967,2023-07-07,19,339
968,2021-09-23,20,196
969,2020-03-08,6,570
970,2020-05-17,9,1
971,2020-04-12,6,741
972,2021-05-25,3,250
973,2021-02-04,14,563
974,2022-11-30,14,337
975,2023-12-24,8,921
976,2022-12-25,12,613
977,2024-07-29,5,479
978,2021-11-04,19,236
979,2020-03-31,1,515
980,2022-10-10,9,933
981,2021-02-15,17,347
982,2021-04-11,18,207
983,2022-10-16,9,728
984,2023-01-11,4,172
985,2020-08-09,11,717
986,2020-11-22,7,149
987,2023-07-13,1,527
988,2022-09-09,9,680
989,2020-10-25,13,341
990,2021-09-29,7,650
991,2022-10-11,1,160
992,2021-04-26,16,860
993,2021-10-01,9,324
994,2022-10-24,5,991
995,2024-05-01,6,611
996,2019-11-30,18,124
997,2024-08-19,3,328
998,2023-11-11,1,978
999,2020-12-11,11,345
1000,2021-09-16,19,876
1001,2022-04-01,8,207
1002,2022-03-31,4,711
1003,2024-04-01,9,94
1004,2022-03-28,3,738
1005,2022-06-07,15,165
1006,2024-02-05,4,980
1007,2023-03-05,8,656
1008,2021-11-07,7,595
1009,2021-11-29,10,341
1010,2021-08-11,19,286
1011,2023-11-07,9,977
1012,2024-07-16,12,891
1013,2020-07-24,15,774
1014,2024-10-31,8,868
1015,2022-07-15,9,653
1016,2024-03-14,7,317
1017,2022-10-20,6,364
1018,2021-03-16,12,648
1019,2022-10-16,20,638
1020,2021-06-25,1,674
1021,2024-10-08,5,784
1022,2023-11-19,16,705
1023,2023-01-28,12,930
1024,2022-04-25,14,574
1025,2024-08-21,5,419
1026,2024-03-01,14,250
1027,2024-01-12,8,234
1028,2023-06-14,1,473
1029,2021-07-22,7,241
1030,2022-04-05,5,258
1031,2021-01-02,10,760
1032,2024-02-10,20,503
1033,2019-12-04,6,51
1034,2024-08-28,20,967
1035,2023-10-09,1,266
1036,2023-11-19,1,653
1037,2024-01-05,12,277
1038,2021-04-30,4,498
1039,2022-10-07,8,411
1040,2020-04-01,9,970
1041,2023-07-14,16,189
1042,2022-04-08,19,502
1043,2020-06-27,8,732
1044,2023-08-24,4,945
1045,2020-08-29,3,365
1046,2024-09-13,11,913
1047,2024-09-11,16,798
1048,2022-01-10,13,476
1049,2021-09-30,6,523
1050,2023-05-30,18,922
1051,2024-09-04,10,327
1052,2022-03-17,6,756
1053,2023-03-10,10,726
1054,2021-01-08,18,4
1055,2020-09-08,20,371
1056,2024-02-14,4,693
1057,2022-12-31,19,96
1058,2022-04-14,9,799
1059,2024-01-21,20,179
1060,2021-07-14,7,737
1061,2022-04-16,7,750
1062,2021-02-01,16,554
1063,2024-06-08,14,548
1064,2020-10-04,11,602
1065,2022-08-07,20,749
1066,2022-10-30,1,124
1067,2020-07-24,17,810
1068,2021-02-02,6,820
1069,2021-04-30,16,440
1070,2023-07-20,10,858
1071,2022-10-13,11,741
1072,2020-03-18,11,5
1073,2021-01-11,20,856
1074,2024-09-08,1,863
1075,2022-05-11,11,364
1076,2024-02-17,17,554
1077,2022-08-17,19,683
1078,2023-05-17,3,593
1079,2024-07-09,3,646
1080,2020-04-20,18,620
1081,2023-10-20,19,703
1082,2022-12-22,1,295
1083,2023-09-21,13,454
1084,2022-11-05,9,204
1085,2021-09-09,15,464
1086,2023-02-01,8,332
1087,2022-11-21,8,874
1088,2021-04-18,10,326
1089,2023-11-25,20,931
1090,2022-08-21,9,82
1091,2023-09-01,17,147
1092,2024-10-08,20,521
1093,2024-01-28,6,21
1094,2021-03-11,5,477
1095,2022-03-23,4,977
1096,2024-01-08,7,963
1097,2020-07-24,9,590
1098,2023-11-21,8,18
1099,2022-01-19,15,323
1100,2020-04-08,15,548
1101,2024-03-20,14,686
1102,2022-05-06,8,513
1103,2024-06-19,3,833
1104,2022-03-07,13,822
1105,2021-05-02,3,929
1106,2022-12-06,14,741
1107,2020-03-08,16,72
1108,2021-03-07,20,771
1109,2022-04-03,10,437
1110,2022-06-24,10,23
1111,2022-09-10,17,807
1112,2022-10-04,11,394
1113,2024-03-05,15,911
1114,2023-11-14,17,795
1115,2023-03-31,18,942
1116,2021-04-20,3,270
1117,2024-08-28,8,498
1118,2020-08-08,2,724
1119,2024-02-08,1,538
1120,2022-08-07,2,258
1121,2023-11-29,15,687
1122,2021-03-31,13,467
1123,2024-03-29,9,292
1124,2023-04-08,13,151
1125,2020-10-13,17,112
1126,2024-07-21,17,95
1127,2023-08-21,12,573
1128,2019-12-22,9,224
1129,2020-04-08,7,549
1130,2021-12-20,14,391
1131,2021-12-13,14,921
1132,2020-12-03,3,709
1133,2020-01-10,11,375
1134,2021-11-26,7,344
1135,2022-01-25,5,456
1136,2023-03-09,2,13
1137,2022-11-12,3,45
1138,2022-12-16,4,842
1139,2023-07-31,5,905
1140,2021-08-11,17,440
1141,2020-01-12,17,948
1142,2024-11-24,9,148
1143,2021-11-30,1,865
1144,2021-04-30,6,505
1145,2021-05-26,6,853
1146,2020-06-05,3,609
1147,2021-09-02,15,222
1148,2021-10-08,11,856
1149,2024-03-11,11,701
1150,2024-10-22,1,603
1151,2020-06-10,20,617
1152,2024-08-10,5,406
1153,2021-02-16,12,981
1154,2021-05-05,5,642
1155,2023-05-12,2,800
1156,2023-03-28,3,596
1157,2023-12-07,20,963
1158,2020-02-10,6,998
1159,2024-09-11,2,853
1160,2021-11-23,4,369
1161,2020-06-03,9,15
1162,2023-04-27,12,741
1163,2022-07-07,15,659
1164,2019-12-06,13,875
1165,2024-09-27,11,614
1166,2021-04-10,20,414
1167,2022-03-24,16,281
1168,2020-10-10,17,909
1169,2021-09-17,10,761
1170,2020-03-07,2,477
1171,2023-04-23,7,199
1172,2022-01-23,7,78
1173,2024-02-17,11,631
1174,2024-01-20,14,245
1175,2021-04-02,19,707
1176,2021-03-28,18,108
1177,2021-10-21,18,624
1178,2020-05-16,7,424
1179,2020-01-10,8,227
1180,2021-06-24,8,313
1181,2023-09-02,17,770
1182,2023-04-04,16,31
1183,2022-11-11,3,748
1184,2023-02-25,10,58
1185,2023-06-28,11,618
1186,2023-03-26,13,979
1187,2022-08-22,5,799
1188,2024-04-05,20,33
1189,2021-02-05,20,633
1190,2020-05-24,18,156
1191,2022-01-09,7,489
1192,2022-02-22,20,948
1193,2024-07-09,7,872
1194,2020-02-14,7,437
1195,2024-11-14,12,971
1196,2022-11-22,4,277
1197,2023-10-12,2,958
1198,2021-06-08,9,565
1199,2024-06-28,5,378
1200,2023-01-05,20,944
1201,2023-10-13,10,830
1202,2022-02-20,15,728
1203,2024-01-31,18,536
1204,2024-10-23,13,232
1205,2023-08-11,19,690
1206,2023-12-17,4,325
1207,2020-04-16,10,489
1208,2023-09-03,13,45
1209,2021-05-14,14,315
1210,2022-05-17,2,644
1211,2024-02-27,17,384
1212,2022-04-01,6,841
1213,2023-10-23,4,907
1214,2020-07-10,19,757
1215,2022-06-21,17,61
1216,2024-10-27,19,748
1217,2023-08-22,4,974
1218,2023-09-01,6,778
1219,2022-12-23,5,877
1220,2021-05-22,2,89
1221,2024-09-03,8,344
1222,2020-05-06,18,510
1223,2022-11-23,5,350
1224,2024-09-17,10,745
1225,2021-11-28,7,486
1226,2024-08-17,16,737
1227,2024-06-30,2,875
1228,2021-01-29,17,454
1229,2020-11-27,6,984
1230,2021-06-16,2,921
1231,2024-09-01,17,642
1232,2022-08-01,6,441
1233,2023-05-11,19,502
1234,2022-01-04,12,471
1235,2021-07-07,17,643
1236,2022-08-27,20,742
1237,2023-09-17,2,896
1238,2020-03-10,18,321
1239,2020-12-25,18,92
1240,2023-03-29,10,566
1241,2022-05-28,6,427
1242,2021-01-17,5,784
1243,2023-03-14,7,705
1244,2022-08-12,5,420
1245,2020-02-02,5,981
1246,2024-07-11,14,226
1247,2024-06-17,18,87
1248,2021-05-13,10,962
1249,2021-08-30,4,732
1250,2021-06-09,16,29
1251,2020-08-24,12,490
1252,2020-12-31,15,593
1253,2020-05-18,11,340
1254,2022-11-21,5,998
1255,2023-05-24,8,739
1256,2022-08-29,16,541
1257,2019-12-09,15,210
1258,2024-05-24,9,431
1259,2022-11-14,16,53
1260,2021-10-02,1,689
1261,2024-10-15,1,77
1262,2022-07-22,17,886
1263,2023-09-08,16,44
1264,2023-11-16,11,986
1265,2024-03-27,11,524
1266,2021-06-19,7,895
1267,2023-04-29,7,811
1268,2024-06-02,16,924
1269,2022-06-03,3,468
1270,2024-01-22,4,594
1271,2023-06-06,18,452
1272,2023-01-05,19,766
1273,2023-02-25,15,642
1274,2023-09-01,11,183
1275,2023-05-30,2,935
1276,2020-09-03,4,883
1277,2021-07-01,3,444
1278,2019-12-05,12,408
1279,2020-06-19,4,799
1280,2024-04-04,1,418
1281,2023-05-30,6,264
1282,2023-06-09,10,899
1283,2020-08-21,12,688
1284,2022-12-22,13,834
1285,2022-11-20,9,768
1286,2020-12-15,1,331
1287,2022-04-07,6,432
1288,2021-09-20,11,763
1289,2023-09-17,15,493
1290,2021-10-23,20,915
1291,2023-09-16,7,684
1292,2023-04-12,8,342
1293,2021-08-29,16,486
1294,2024-11-27,10,688
1295,2022-05-07,1,751
1296,2022-10-14,2,158
1297,2020-04-27,12,717
1298,2024-01-18,5,796
1299,2021-01-21,5,639
1300,2023-02-28,15,758
1301,2024-02-04,8,451
1302,2024-10-17,15,504
1303,2024-04-16,13,688
1304,2024-09-18,3,736
1305,2019-12-03,8,350
1306,2024-07-14,13,323
1307,2022-07-18,4,193
1308,2022-03-25,18,162
1309,2024-02-28,10,110
1310,2022-07-10,5,952
1311,2022-01-15,16,880
1312,2024-08-27,3,815
1313,2023-07-14,1,765
1314,2021-09-06,1,704
1315,2022-01-21,20,865
1316,2023-05-25,16,252
1317,2020-06-01,16,917
1318,2024-03-12,2,74
1319,2024-02-15,20,175
1320,2023-11-28,6,629
1321,2023-09-22,11,983
1322,2024-10-03,17,24
1323,2020-11-29,2,383
1324,2020-09-20,6,354
1325,2020-02-17,5,271
1326,2020-07-29,8,838
1327,2020-03-03,2,344
1328,2024-04-18,6,530
1329,2024-02-09,19,752
1330,2022-01-31,14,348
1331,2024-05-12,2,799
1332,2024-11-17,8,207
1333,2024-06-20,5,378
1334,2022-04-28,1,791
1335,2022-06-21,7,501
1336,2024-11-13,6,214
1337,2020-05-30,17,453
1338,2022-05-04,20,958
1339,2020-10-13,6,650
1340,2021-08-11,18,242
1341,2021-08-04,15,424
1342,2023-08-26,10,67
1343,2022-11-18,9,668
1344,2020-10-12,17,278
1345,2023-11-03,15,817
1346,2024-05-29,17,241
1347,2022-03-16,16,793
1348,2023-03-27,13,767
1349,2021-12-03,13,181
1350,2021-12-30,13,543
1351,2023-11-28,9,5
1352,2021-11-23,15,553
1353,2020-12-06,6,407
1354,2024-08-14,16,609
1355,2020-11-20,14,338
1356,2023-10-09,5,450
1357,2023-06-10,15,95
1358,2020-06-26,20,755
1359,2023-11-12,11,397
1360,2020-01-23,11,92
1361,2022-06-26,10,831
1362,2020-10-03,13,600
1363,2022-01-08,1,594
1364,2021-03-12,17,255
1365,2022-09-19,15,217
1366,2022-09-05,8,798
1367,2021-10-16,17,75
1368,2022-10-26,11,204
1369,2023-04-25,18,89
1370,2024-03-18,6,989
1371,2021-12-16,6,246
1372,2022-06-15,8,831
1373,2021-12-14,2,744
1374,2021-09-06,10,196
1375,2023-09-11,16,476
1376,2022-10-22,11,794
1377,2020-04-04,10,346
1378,2024-02-20,10,30
1379,2020-02-07,7,801
1380,2022-01-13,14,236
1381,2022-05-20,1,833
1382,2024-09-18,5,925
1383,2023-02-26,13,837
1384,2023-03-19,6,427
1385,2024-09-24,13,848
1386,2023-11-01,3,928
1387,2023-01-01,12,794
1388,2022-09-09,3,152
1389,2021-07-02,7,172
1390,2024-09-06,16,311
1391,2024-01-04,15,893
1392,2021-04-15,16,644
1393,2022-10-16,2,336
1394,2022-10-27,20,834
1395,2023-12-31,8,544
1396,2021-06-01,5,839
1397,2024-11-26,9,845
1398,2020-01-04,1,933
1399,2021-11-08,3,860
1400,2020-02-11,14,506
1401,2023-03-11,17,96
1402,2021-05-28,2,952
1403,2024-01-16,7,185
1404,2024-02-28,8,674
1405,2022-04-18,1,834
1406,2023-07-10,18,846
1407,2022-01-02,17,595
1408,2022-02-12,1,822
1409,2020-12-22,13,202
1410,2021-11-09,20,331
1411,2020-08-21,1,405
1412,2020-01-29,13,76
1413,2020-02-24,3,425
1414,2020-05-31,17,229
1415,2023-09-14,13,735
1416,2020-08-12,12,952
1417,2020-06-15,3,26
1418,2022-02-26,1,331
1419,2020-06-26,10,227
1420,2020-06-03,14,576
1421,2020-01-15,10,660
1422,2022-12-31,1,972
1423,2022-05-27,1,338
1424,2024-01-09,19,255
1425,2020-01-24,12,102
1426,2022-07-21,14,345
1427,2023-04-26,13,695
1428,2020-08-06,11,132
1429,2020-07-15,11,737
1430,2020-07-13,2,619
1431,2023-03-21,10,749
1432,2022-12-22,3,742
1433,2022-04-22,10,495
1434,2023-11-26,13,341
1435,2023-04-06,8,119
1436,2021-06-16,18,91
1437,2023-09-14,20,231
1438,2021-12-06,16,414
1439,2021-03-27,20,665
1440,2020-07-15,2,497
1441,2020-11-30,8,357
1442,2024-09-17,20,645
1443,2022-07-20,14,881
1444,2023-03-13,11,313
1445,2023-01-05,5,700
1446,2024-09-28,3,393
1447,2023-09-03,4,16
1448,2021-10-15,17,657
1449,2024-05-28,1,997
1450,2020-12-26,17,756
1451,2023-04-04,6,297
1452,2022-11-08,4,896
1453,2022-07-19,17,323
1454,2020-10-26,13,437
1455,2022-10-18,3,465
1456,2023-10-04,3,917
1457,2021-04-06,11,427
1458,2020-12-08,15,490
1459,2023-04-07,7,856
1460,2021-10-18,19,416
1461,2023-10-01,5,252
1462,2023-07-29,17,214
1463,2023-01-14,20,875
1464,2021-04-27,6,743
1465,2024-05-21,17,74
1466,2020-01-11,15,504
1467,2021-11-13,1,945
1468,2022-03-17,5,745
1469,2023-11-20,10,739
1470,2022-05-13,17,267
1471,2023-11-21,7,713
1472,2021-06-16,10,100
1473,2020-06-18,18,785
1474,2019-12-20,10,864
1475,2020-06-30,4,381
1476,2020-01-29,13,404
1477,2021-04-03,2,822
1478,2024-04-02,1,746
1479,2020-09-23,16,645
1480,2022-05-29,4,117
1481,2023-11-21,19,944
1482,2023-07-28,13,792
1483,2020-06-10,15,120
1484,2023-01-20,18,757
1485,2023-07-08,7,232
1486,2020-06-13,12,558
1487,2023-10-31,12,190
1488,2023-06-26,16,476
1489,2022-12-19,14,363
1490,2023-02-01,7,207
1491,2024-03-05,20,674
1492,2024-04-19,15,673
1493,2020-04-07,9,991
1494,2020-08-12,6,849
1495,2024-08-31,2,645
1496,2020-07-01,6,887
1497,2020-01-11,7,707
1498,2022-05-22,7,564
1499,2024-07-10,10,672
1500,2023-07-11,5,936
1501,2021-07-18,11,29
1502,2022-12-11,6,621
1503,2023-09-01,9,944
1504,2020-04-22,14,588
1505,2022-05-06,3,522
1506,2024-07-10,1,564
1507,2020-02-08,7,653
1508,2024-02-27,20,900
1509,2021-11-06,6,893
1510,2021-06-09,6,65
1511,2023-12-20,2,784
1512,2023-07-30,11,851
1513,2022-01-23,3,328
1514,2021-05-24,6,465
1515,2022-07-28,8,303
1516,2021-07-13,13,264
1517,2020-05-16,3,660
1518,2022-09-05,10,953
1519,2021-07-17,9,313
1520,2020-08-21,3,435
1521,2021-04-05,20,238
1522,2024-11-13,10,217
1523,2020-12-27,7,189
1524,2024-03-31,3,930
1525,2024-02-05,12,949
1526,2021-07-03,4,839
1527,2022-12-06,16,586
1528,2024-05-13,10,334
1529,2022-06-18,20,689
1530,2023-03-25,14,765
1531,2020-05-29,14,385
1532,2020-11-27,8,276
1533,2023-11-23,18,540
1534,2022-05-12,8,707
1535,2020-07-17,9,360
1536,2021-12-27,3,168
1537,2022-12-29,16,633
1538,2022-03-19,3,601
1539,2021-03-09,20,227
1540,2020-03-08,16,115
1541,2022-06-16,15,317
1542,2020-10-15,1,663
1543,2023-05-23,19,547
1544,2021-05-09,1,39
1545,2022-03-11,16,195
1546,2023-05-29,9,269
1547,2020-02-03,17,415
1548,2021-12-05,12,528
1549,2020-12-30,6,129
1550,2020-10-01,5,789
1551,2021-12-12,18,41
1552,2024-03-19,1,821
1553,2021-10-04,18,446
1554,2022-11-16,10,965
1555,2023-05-10,17,787
1556,2020-01-22,12,695
1557,2020-08-26,7,319
1558,2023-12-25,1,799
1559,2022-06-22,17,690
1560,2024-04-27,20,428
1561,2021-08-06,19,4
1562,2023-07-15,20,671
1563,2023-05-07,3,547
1564,2023-09-07,13,509
1565,2021-10-02,2,501
1566,2021-10-12,18,848
1567,2022-04-15,17,453
1568,2023-10-28,8,391
1569,2020-11-18,6,126
1570,2022-10-24,16,992
1571,2021-05-28,9,317
1572,2024-11-13,6,286
1573,2021-07-16,18,90
1574,2021-08-14,10,641
1575,2022-04-07,19,197
1576,2023-05-01,19,606
1577,2022-01-21,4,168
1578,2022-11-25,18,386
1579,2023-08-25,12,717
1580,2021-09-16,8,486
1581,2020-04-20,13,562
1582,2021-09-30,11,864
1583,2022-11-07,20,800
1584,2022-12-24,6,666
1585,2020-10-17,7,411
1586,2023-07-08,19,199
1587,2022-12-13,9,852
1588,2022-02-05,1,385
1589,2024-04-20,17,927
1590,2022-07-12,11,726
1591,2022-03-12,17,325
1592,2024-08-31,11,621
1593,2023-04-01,8,439
1594,2021-08-31,13,815
1595,2023-08-13,18,931
1596,2022-12-06,4,477
1597,2020-01-28,17,477
1598,2020-06-05,14,686
1599,2024-08-14,11,746
1600,2023-10-17,8,898
1601,2021-07-10,16,869
1602,2024-09-06,2,202
1603,2023-02-13,16,604
1604,2023-06-14,8,404
1605,2021-07-21,12,422
1606,2020-01-03,18,773
1607,2019-12-24,17,990
1608,2023-05-24,7,215
1609,2023-05-06,17,244
1610,2024-06-17,12,597
1611,2023-08-06,5,832
1612,2021-10-23,19,759
1613,2024-10-08,8,829
1614,2022-03-22,15,33
1615,2024-10-06,5,681
1616,2021-05-24,1,758
1617,2024-04-13,11,953
1618,2021-07-13,8,178
1619,2020-07-03,5,43
1620,2022-07-20,2,625
1621,2020-06-22,20,395
1622,2024-06-02,11,363
1623,2022-08-17,18,779
1624,2020-11-06,8,117
1625,2023-01-04,6,861
1626,2024-08-05,19,320
1627,2021-04-30,16,916
1628,2024-11-05,19,54
1629,2023-03-14,16,472
1630,2023-12-04,18,421
1631,2021-09-10,9,625
1632,2022-10-06,2,695
1633,2021-07-04,6,501
1634,2022-12-14,13,950
1635,2023-07-19,18,199
1636,2024-08-30,5,905
1637,2021-01-16,1,554
1638,2020-02-20,5,693
1639,2024-02-03,8,627
1640,2019-12-01,11,441
1641,2024-10-30,19,976
1642,2021-08-26,17,270
1643,2023-04-24,5,916
1644,2021-12-15,19,706
1645,2021-12-05,19,533
1646,2023-09-08,3,117
1647,2022-12-19,8,245
1648,2024-09-29,2,225
1649,2021-11-06,14,643
1650,2022-09-24,6,940
1651,2020-08-17,7,816
1652,2022-04-16,9,37
1653,2023-08-21,7,789
1654,2022-03-31,8,96
1655,2020-08-21,12,857
1656,2024-11-03,13,303
1657,2021-10-31,13,915
1658,2024-06-24,14,611
1659,2024-04-02,20,221
1660,2023-11-10,13,365
1661,2024-03-12,20,991
1662,2020-01-17,14,439
1663,2020-10-05,1,320
1664,2023-01-07,19,364
1665,2021-03-19,19,586
1666,2023-01-07,19,794
1667,2022-01-18,7,402
1668,2023-01-14,9,605
1669,2020-12-23,11,837
1670,2023-04-04,17,166
1671,2021-11-29,2,364
1672,2023-10-31,15,741
1673,2022-04-26,14,770
1674,2023-12-22,9,750
1675,2020-03-18,15,614
1676,2021-07-18,11,687
1677,2022-12-29,6,621
1678,2024-04-01,19,464
1679,2020-09-24,15,446
1680,2020-10-20,6,604
1681,2021-11-21,3,41
1682,2020-08-20,3,697
1683,2020-10-06,15,256
1684,2024-09-18,6,152
1685,2020-08-09,10,815
1686,2019-12-14,3,869
1687,2024-08-23,9,455
1688,2021-06-15,5,228
1689,2020-05-15,14,951
1690,2021-07-25,7,762
1691,2020-01-08,5,436
1692,2023-07-25,14,525
1693,2024-02-11,19,37
1694,2023-10-09,11,566
1695,2020-07-30,15,804
1696,2021-11-26,16,547
1697,2023-09-23,17,981
1698,2023-07-08,15,399
1699,2020-02-10,18,197
1700,2023-12-08,19,340
1701,2022-05-28,9,794
1702,2020-05-31,19,921
1703,2024-01-21,2,629
1704,2021-07-27,20,307
1705,2024-07-16,18,874
1706,2024-07-08,6,314
1707,2023-05-26,8,194
1708,2022-02-15,6,253
1709,2022-05-07,7,62
1710,2021-10-08,8,463
1711,2023-07-11,5,541
1712,2021-03-28,5,573
1713,2021-05-26,20,457
1714,2023-04-12,13,931
1715,2021-09-16,18,710
1716,2022-09-16,8,400
1717,2024-02-01,10,887
1718,2024-09-12,8,196
1719,2021-12-23,9,373
1720,2023-08-31,1,328
1721,2020-05-20,9,373
1722,2023-01-01,1,940
1723,2024-07-13,6,101
1724,2022-02-22,16,398
1725,2024-05-25,7,810
1726,2021-10-28,19,646
1727,2022-10-27,11,941
1728,2023-04-26,13,781
1729,2020-07-10,18,433
1730,2023-10-25,11,167
1731,2020-08-13,1,763
1732,2023-02-03,20,794
1733,2023-10-01,2,496
1734,2024-04-03,2,533
1735,2024-02-12,4,872
1736,2020-09-09,18,180
1737,2024-04-20,16,294
1738,2021-07-17,15,284
1739,2022-09-04,7,878
1740,2021-03-30,13,980
1741,2024-06-17,5,574
1742,2023-12-22,12,154
1743,2021-03-12,1,334
1744,2020-09-16,14,726
1745,2020-10-14,1,330
1746,2024-03-22,3,123
1747,2022-08-18,18,248
1748,2024-07-02,15,977
1749,2020-04-10,14,140
1750,2021-12-24,17,487
1751,2020-02-20,13,365
1752,2023-06-22,5,564
1753,2023-03-21,5,285
1754,2024-02-09,15,200
1755,2022-09-15,20,793
1756,2023-10-29,16,383
1757,2023-04-05,15,962
1758,2023-05-08,16,77
1759,2024-09-26,11,749
1760,2024-06-19,15,454
1761,2023-01-23,16,757
1762,2024-08-24,11,139
1763,2019-12-22,6,997
1764,2021-01-04,11,768
1765,2022-06-22,7,353
1766,2021-02-22,9,456
1767,2024-10-17,7,996
1768,2023-09-16,1,46
1769,2020-08-06,13,871
1770,2021-05-02,16,909
1771,2019-12-12,14,243
1772,2021-07-15,16,369
1773,2022-12-22,11,83
1774,2022-03-21,16,543
1775,2023-03-02,16,440
1776,2022-03-24,15,692
1777,2024-02-06,11,755
1778,2023-06-17,14,120
1779,2020-12-27,15,511
1780,2021-08-14,19,363
1781,2022-01-31,9,101
1782,2020-11-17,7,910
1783,2023-06-23,8,494
1784,2020-07-08,9,396
1785,2020-02-10,7,688
1786,2021-07-27,14,354
1787,2023-05-09,11,362
1788,2022-08-29,1,589
1789,2023-08-28,14,605
1790,2022-02-05,19,468
1791,2023-12-21,20,405
1792,2024-04-09,7,11
1793,2023-08-02,11,608
1794,2020-12-30,6,384
1795,2023-03-28,6,243
1796,2020-01-25,13,76
1797,2022-05-17,10,170
1798,2021-10-15,7,509
1799,2022-05-22,3,867
1800,2021-03-31,4,659
1801,2023-05-31,9,371
1802,2023-04-23,9,850
1803,2022-10-21,6,468
1804,2020-10-15,15,139
1805,2023-07-18,3,1
1806,2020-07-23,15,235
1807,2022-09-30,9,217
1808,2022-07-24,19,756
1809,2020-10-21,9,654
1810,2023-10-15,16,379
1811,2023-11-19,18,665
1812,2022-09-04,14,417
1813,2020-12-16,9,588
1814,2022-04-26,2,844
1815,2021-08-19,17,23
1816,2023-04-26,6,897
1817,2024-05-11,7,503
1818,2022-03-07,10,810
1819,2021-09-22,14,239
1820,2021-05-31,2,626
1821,2020-04-30,20,408
1822,2020-08-17,17,174
1823,2024-01-09,15,262
1824,2024-04-08,9,424
1825,2024-01-25,3,256
1826,2023-07-29,8,156
1827,2023-11-07,13,874
1828,2022-12-05,13,395
1829,2020-11-27,18,815
1830,2020-06-25,11,50
1831,2021-07-15,13,859
1832,2023-02-13,6,426
1833,2022-06-12,19,174
1834,2021-12-19,17,439
1835,2021-10-07,1,532
1836,2020-01-06,13,253
1837,2023-03-11,19,278
1838,2020-12-01,2,312
1839,2024-10-19,7,776
1840,2022-10-15,20,592
1841,2022-11-28,13,131
1842,2020-11-22,8,480
1843,2024-04-21,4,12
1844,2022-01-04,9,54
1845,2023-01-22,9,934
1846,2022-08-15,19,779
1847,2024-11-21,17,610
1848,2022-11-01,13,112
1849,2023-10-11,8,841
1850,2021-02-22,5,477
1851,2024-05-08,18,785
1852,2023-07-21,16,278
1853,2023-04-10,18,544
1854,2020-11-14,1,618
1855,2020-01-18,8,779
1856,2021-05-05,16,691
1857,2024-07-24,4,423
1858,2024-05-03,10,253
1859,2023-06-16,14,193
1860,2022-10-07,20,514
1861,2021-12-25,2,592
1862,2021-07-02,17,243
1863,2021-04-24,1,629
1864,2021-02-06,8,97
1865,2023-02-02,19,29
1866,2020-10-01,7,617
1867,2024-09-12,12,523
1868,2024-11-14,15,399
1869,2020-02-28,8,496
1870,2023-04-17,6,147
1871,2020-03-25,7,993
1872,2023-08-02,16,39
1873,2021-04-13,14,861
1874,2024-04-18,11,133
1875,2020-05-24,18,394
1876,2024-01-08,5,346
1877,2023-08-16,9,24
1878,2022-08-07,12,311
1879,2024-02-28,10,58
1880,2023-04-07,9,707
1881,2021-05-16,1,838
1882,2023-06-15,7,623
1883,2020-03-13,12,131
1884,2020-03-25,17,318
1885,2020-04-25,14,136
1886,2020-09-05,10,441
1887,2023-10-08,4,211
1888,2022-04-04,13,423
1889,2024-10-12,4,81
1890,2021-11-24,7,271
1891,2021-12-15,20,709
1892,2021-05-14,7,224
1893,2024-02-08,1,765
1894,2023-12-27,2,206
1895,2023-08-06,8,279
1896,2023-02-27,18,904
1897,2022-11-13,6,362
1898,2023-06-30,8,174
1899,2022-04-05,17,469
1900,2023-04-15,11,556
1901,2020-08-10,1,504
1902,2024-09-07,3,817
1903,2022-05-09,15,637
1904,2022-02-19,15,5
1905,2022-01-12,3,820
1906,2021-12-28,9,73
1907,2023-07-24,20,314
1908,2021-09-12,18,4
1909,2022-09-11,17,625
1910,2024-10-14,13,755
1911,2024-04-30,13,954
1912,2021-04-16,9,272
1913,2023-01-02,13,229
1914,2022-04-15,18,611
1915,2021-01-21,9,357
1916,2020-05-27,11,55
1917,2020-12-17,9,399
1918,2024-01-14,18,53
1919,2021-10-08,5,139
1920,2020-02-02,2,53
1921,2023-09-29,12,506
1922,2021-10-21,16,746
1923,2020-03-12,10,592
1924,2021-11-27,4,827
1925,2023-07-14,12,837
1926,2023-02-16,9,861
1927,2020-12-05,5,599
1928,2021-10-18,6,79
1929,2024-01-04,15,564
1930,2024-01-21,4,244
1931,2024-11-10,19,82
1932,2020-12-19,2,425
1933,2023-10-03,12,882
1934,2024-06-06,8,673
1935,2022-09-26,13,8
1936,2022-02-20,11,756
1937,2024-04-09,16,534
1938,2022-07-04,17,428
1939,2024-05-04,18,313
1940,2024-05-08,5,170
1941,2021-04-04,14,20
1942,2024-04-04,2,408
1943,2024-07-31,13,397
1944,2020-02-24,9,964
1945,2021-11-09,20,690
1946,2020-10-30,9,240
1947,2022-11-15,2,38
1948,2024-01-22,3,238
1949,2022-12-26,16,304
1950,2022-11-21,4,28
1951,2022-07-14,3,280
1952,2021-06-18,11,543
1953,2023-03-13,3,339
1954,2023-10-01,4,233
1955,2022-12-23,4,614
1956,2020-06-04,19,199
1957,2021-03-07,7,936
1958,2020-10-21,18,496
1959,2020-02-14,17,199
1960,2024-08-10,11,175
1961,2024-03-28,6,140
1962,2021-08-06,18,371
1963,2021-12-26,18,941
1964,2022-06-25,2,634
1965,2024-03-31,2,360
1966,2021-09-11,4,783
1967,2024-09-30,13,768
1968,2020-02-25,4,411
1969,2021-09-25,7,403
1970,2023-06-29,9,195
1971,2022-07-20,18,714
1972,2022-06-10,19,486
1973,2021-04-20,18,938
1974,2020-12-07,8,665
1975,2024-09-05,15,15
1976,2024-10-02,3,666
1977,2021-12-18,10,581
1978,2024-10-12,14,621
1979,2021-03-03,7,709
1980,2020-06-17,15,499
1981,2022-01-03,4,144
1982,2020-04-17,7,420
1983,2021-04-10,15,827
1984,2023-06-03,17,812
1985,2020-03-08,19,128
1986,2020-07-29,2,685
1987,2024-03-12,20,255
1988,2023-04-09,20,685
1989,2024-05-01,19,754
1990,2024-06-01,11,901
1991,2023-11-29,3,302
1992,2024-09-30,19,598
1993,2021-07-03,9,890
1994,2023-03-24,19,630
1995,2024-09-26,9,260
1996,2021-06-27,3,338
1997,2023-07-11,13,701
1998,2020-10-03,1,153
1999,2021-08-16,19,937
2000,2022-11-24,10,274
2001,2020-12-03,3,117
2002,2022-09-30,13,306
2003,2021-10-23,13,163
2004,2022-01-19,11,297
2005,2024-10-29,9,375
2006,2020-05-13,16,612
2007,2022-10-03,5,323
2008,2023-04-24,12,782
2009,2020-08-28,13,659
2010,2021-05-06,16,36
2011,2024-02-09,16,600
2012,2022-10-23,10,27
2013,2021-08-17,5,361
2014,2022-01-09,12,62
2015,2023-08-25,10,905
2016,2020-07-06,13,861
2017,2022-01-31,2,904
2018,2020-01-04,15,411
2019,2023-03-22,6,344
2020,2024-05-16,10,225
2021,2023-08-08,20,147
2022,2022-03-28,14,770
2023,2020-06-24,20,502
2024,2021-07-16,13,628
2025,2022-01-02,14,916
2026,2023-11-19,9,773
2027,2019-12-19,15,864
2028,2022-02-01,18,357
2029,2021-09-26,1,53
2030,2022-12-13,15,532
2031,2022-06-11,1,209
2032,2024-04-28,15,25
2033,2023-12-18,17,511
2034,2023-02-04,13,668
2035,2020-01-14,1,60
2036,2021-11-01,5,129
2037,2020-10-26,19,674
2038,2023-06-19,12,569
2039,2022-08-13,20,881
2040,2021-12-13,4,316
2041,2020-09-25,7,495
2042,2022-12-29,11,447
2043,2020-03-17,15,333
2044,2020-12-15,9,30
2045,2021-11-09,19,783
2046,2020-04-07,13,756
2047,2020-06-25,19,576
2048,2022-05-31,19,615
2049,2023-07-25,14,677
2050,2024-01-31,3,881
2051,2020-06-25,16,685
2052,2020-11-26,19,32
2053,2023-05-30,13,887
2054,2020-10-02,14,523
2055,2021-04-08,2,373
2056,2023-08-03,20,550
2057,2021-04-25,6,713
2058,2022-05-29,13,21
2059,2024-04-21,10,188
2060,2023-04-07,18,476
2061,2022-10-04,8,872
2062,2023-02-28,9,970
2063,2024-02-05,2,544
2064,2021-07-23,4,718
2065,2022-08-24,11,425
2066,2023-06-09,17,824
2067,2024-02-13,15,554
2068,2023-06-01,5,655
2069,2024-04-01,4,940
2070,2023-12-27,10,760
2071,2022-05-17,8,175
2072,2022-12-26,19,987
2073,2021-01-26,17,187
2074,2022-01-04,15,100
2075,2023-02-25,11,40
2076,2021-08-27,8,290
2077,2024-08-26,7,883
2078,2022-03-30,19,829
2079,2020-03-12,8,985
2080,2020-06-24,4,220
2081,2021-04-17,12,611
2082,2023-06-20,1,556
2083,2024-01-29,7,220
2084,2022-03-11,17,561
2085,2023-12-26,5,618
2086,2022-10-13,9,117
2087,2020-01-20,18,252
2088,2020-12-12,1,198
2089,2024-03-22,4,4
2090,2021-10-31,2,956
2091,2023-07-26,16,339
2092,2023-04-10,1,537
2093,2024-06-20,5,529
2094,2024-02-06,4,255
2095,2024-01-05,3,502
2096,2023-04-15,18,989
2097,2022-12-13,7,920
2098,2020-10-10,19,355
2099,2021-05-17,14,376
2100,2024-02-18,19,419
2101,2021-07-26,2,332
2102,2024-05-05,14,180
2103,2022-07-24,19,352
2104,2022-02-13,5,844
2105,2023-11-10,1,988
2106,2019-12-04,4,383
2107,2021-02-26,4,584
2108,2022-07-24,12,85
2109,2023-11-23,5,203
2110,2024-08-08,15,683
2111,2022-10-06,5,298
2112,2022-03-30,14,754
2113,2023-07-27,20,1000
2114,2023-03-30,15,390
2115,2021-09-03,20,260
2116,2022-04-30,13,62
2117,2021-06-28,4,173
2118,2020-12-20,18,636
2119,2020-04-30,20,339
2120,2023-09-15,1,318
2121,2022-12-05,2,132
2122,2021-11-20,13,930
2123,2023-07-06,13,997
2124,2023-11-05,5,823
2125,2022-11-14,15,651
2126,2024-01-01,2,863
2127,2024-08-09,9,425
2128,2024-05-08,9,702
2129,2024-04-05,4,975
2130,2022-05-03,14,749
2131,2021-03-03,16,467
2132,2020-11-05,11,510
2133,2020-02-29,15,43
2134,2022-12-09,4,136
2135,2022-11-04,10,801
2136,2020-04-22,10,98
2137,2021-07-15,13,587
2138,2024-08-20,8,518
2139,2021-06-22,19,519
2140,2024-05-28,15,977
2141,2022-07-23,10,102
2142,2021-03-31,1,735
2143,2024-05-09,13,828
2144,2022-12-03,6,384
2145,2021-05-08,14,783
2146,2023-10-09,8,318
2147,2022-11-17,5,174
2148,2020-04-23,4,250
2149,2020-01-25,8,157
2150,2020-05-29,20,25
2151,2020-10-04,20,627
2152,2021-05-24,8,692
2153,2020-04-16,2,666
2154,2021-11-24,18,838
2155,2021-10-28,1,766
2156,2023-11-06,1,82
2157,2024-10-12,19,922
2158,2020-03-04,1,559
2159,2024-10-25,17,278
2160,2020-10-09,7,6
2161,2020-07-04,6,257
2162,2023-07-26,20,818
2163,2021-05-14,10,6
2164,2024-02-01,1,958
2165,2022-10-08,16,978
2166,2023-08-03,3,184
2167,2024-09-25,20,739
2168,2021-07-10,18,543
2169,2024-05-08,15,296
2170,2021-09-11,14,521
2171,2024-09-16,17,294
2172,2020-05-30,18,137
2173,2021-02-01,5,279
2174,2021-06-05,11,435
2175,2024-03-17,10,377
2176,2024-10-06,3,273
2177,2022-11-12,19,897
2178,2021-06-20,3,679
2179,2023-08-23,2,577
2180,2022-05-10,7,730
2181,2024-06-07,4,883
2182,2020-06-23,20,35
2183,2020-11-17,10,728
2184,2021-10-11,14,338
2185,2024-02-15,17,357
2186,2024-11-11,8,27
2187,2023-07-21,14,72
2188,2024-10-02,15,954
2189,2022-05-09,3,881
2190,2023-05-13,7,105
2191,2024-09-01,6,364
2192,2022-03-06,3,673
2193,2024-03-22,10,452
2194,2019-12-11,5,422
2195,2021-08-27,3,437
2196,2024-02-10,13,478
2197,2022-02-26,14,784
2198,2019-12-31,13,248
2199,2022-06-28,2,865
2200,2022-02-02,10,572
2201,2023-09-11,2,609
2202,2020-12-20,14,322
2203,2024-02-15,14,650
2204,2024-02-18,13,175
2205,2020-01-03,18,473
2206,2023-03-03,4,760
2207,2024-10-25,5,528
2208,2024-04-04,18,845
2209,2024-05-13,6,244
2210,2023-05-14,6,111
2211,2021-07-14,5,139
2212,2023-10-26,18,770
2213,2024-08-13,10,79
2214,2023-11-09,18,733
2215,2020-02-29,5,537
2216,2021-04-06,18,366
2217,2022-08-06,9,505
2218,2023-09-10,13,530
2219,2023-10-10,10,64
2220,2022-12-16,7,597
2221,2023-01-25,3,646
2222,2020-11-20,18,110
2223,2021-02-12,1,794
2224,2022-09-18,16,240
2225,2022-10-04,18,887
2226,2020-07-24,15,948
2227,2022-12-19,7,596
2228,2019-12-29,19,29
2229,2023-05-27,3,644
2230,2022-11-11,9,347
2231,2022-06-26,13,857
2232,2023-07-17,7,15
2233,2022-03-19,7,195
2234,2022-05-09,11,322
2235,2022-07-15,12,434
2236,2022-12-18,17,913
2237,2024-06-11,17,681
2238,2022-10-16,20,572
2239,2023-10-13,6,754
2240,2022-09-13,10,166
2241,2023-09-20,13,207
2242,2021-11-07,18,717
2243,2020-05-01,2,848
2244,2020-07-09,2,35
2245,2020-05-14,5,376
2246,2023-08-08,12,190
2247,2024-01-05,2,120
2248,2021-04-11,18,911
2249,2023-10-15,2,187
2250,2021-10-18,14,641
2251,2023-09-30,20,432
2252,2020-12-25,11,309
2253,2020-02-09,7,106
2254,2024-09-24,17,602
2255,2020-12-04,3,805
2256,2023-07-19,17,328
2257,2021-11-18,7,452
2258,2022-12-08,7,822
2259,2020-05-03,5,299
2260,2024-03-09,17,162
2261,2022-06-22,20,34
2262,2024-02-08,1,586
2263,2021-06-27,6,163
2264,2020-10-31,11,930
2265,2022-04-18,7,727
2266,2023-04-16,13,560
2267,2023-11-05,10,731
2268,2022-10-11,11,673
2269,2020-09-12,5,418
2270,2023-06-08,19,600
2271,2024-02-27,6,291
2272,2023-03-09,17,447
2273,2021-06-28,5,660
2274,2021-06-25,8,223
2275,2021-08-21,7,257
2276,2021-01-22,4,84
2277,2024-10-27,2,206
2278,2023-09-26,20,825
2279,2022-05-23,20,540
2280,2022-10-05,18,596
2281,2020-06-18,10,409
2282,2022-07-18,3,692
2283,2022-02-01,12,846
2284,2024-05-17,11,732
2285,2020-01-28,8,424
2286,2024-04-06,17,284
2287,2020-11-09,3,92
2288,2021-12-18,7,301
2289,2021-06-08,7,726
2290,2020-06-13,6,293
2291,2021-08-16,11,146
2292,2021-04-01,7,81
2293,2022-10-09,11,217
2294,2023-08-19,14,856
2295,2022-11-03,16,455
2296,2021-09-29,10,848
2297,2024-07-14,10,617
2298,2023-04-27,5,473
2299,2021-08-04,3,228
2300,2024-10-14,6,380
2301,2022-02-18,20,875
2302,2020-11-10,18,38
2303,2024-10-22,12,675
2304,2022-12-11,15,794
2305,2020-11-26,18,278
2306,2024-04-13,7,539
2307,2024-02-01,10,419
2308,2021-02-05,16,118
2309,2024-08-17,14,761
2310,2022-02-08,18,973
2311,2023-11-26,6,981
2312,2020-01-11,12,683
2313,2023-10-28,10,974
2314,2024-10-04,11,992
2315,2021-10-24,13,894
2316,2020-12-12,8,480
2317,2023-01-08,18,816
2318,2024-06-30,3,103
2319,2022-07-11,19,897
2320,2023-06-03,20,766
2321,2023-02-12,17,544
2322,2021-08-22,7,159
2323,2022-12-22,11,92
2324,2022-05-27,1,814
2325,2023-09-29,6,435
2326,2021-06-01,5,806
2327,2023-12-16,20,314
2328,2022-09-28,3,346
2329,2022-08-28,19,80
2330,2020-06-26,11,743
2331,2020-01-26,2,106
2332,2023-11-03,11,132
2333,2024-09-05,7,115
2334,2019-12-09,19,350
2335,2022-10-08,5,90
2336,2024-02-23,19,555
2337,2022-06-01,1,422
2338,2023-03-04,9,739
2339,2021-10-08,1,372
2340,2024-07-16,20,55
2341,2022-08-08,3,807
2342,2020-10-15,10,995
2343,2024-09-23,13,509
2344,2022-08-20,8,784
2345,2021-09-25,8,255
2346,2022-11-05,15,396
2347,2023-07-30,11,320
2348,2021-05-27,3,196
2349,2020-12-23,12,175
2350,2024-02-28,3,288
2351,2024-01-06,11,484
2352,2024-04-08,4,368
2353,2021-08-01,15,157
2354,2020-09-26,16,441
2355,2024-04-22,16,102
2356,2020-12-11,6,500
2357,2022-07-03,17,40
2358,2024-07-08,9,250
2359,2021-07-12,20,960
2360,2023-11-04,7,348
2361,2021-09-13,3,309
2362,2020-06-07,18,573
2363,2022-10-19,7,907
2364,2022-05-21,2,247
2365,2024-10-28,14,420
2366,2019-12-05,10,6
2367,2023-05-08,13,140
2368,2023-07-02,11,564
2369,2021-11-14,2,961
2370,2021-02-09,16,92
2371,2022-08-08,8,197
2372,2023-10-09,8,194
2373,2020-09-01,3,618
2374,2023-10-10,18,412
2375,2022-12-26,17,578
2376,2022-12-28,9,621
2377,2022-08-15,14,211
2378,2022-03-21,9,569
2379,2020-01-23,18,625
2380,2022-11-30,20,507
2381,2024-02-27,1,722
2382,2022-07-12,1,402
2383,2023-06-17,18,75
2384,2024-09-30,6,914
2385,2021-11-15,20,793
2386,2023-05-01,3,778
2387,2019-12-30,4,533
2388,2024-09-25,18,763
2389,2024-10-07,4,846
2390,2021-06-29,7,463
2391,2024-10-11,13,959
2392,2022-07-14,12,239
2393,2020-12-24,7,141
2394,2023-03-16,6,42
2395,2020-02-22,20,717
2396,2021-08-03,8,509
2397,2020-08-14,3,539
2398,2024-10-24,6,833
2399,2023-10-28,9,939
2400,2021-07-17,17,881
2401,2022-11-08,20,457
2402,2022-03-29,17,752
2403,2020-02-15,6,767
2404,2020-03-25,1,471
2405,2020-10-24,8,892
2406,2022-05-04,2,926
2407,2020-07-03,5,16
2408,2020-10-02,4,124
2409,2024-04-08,10,727
2410,2021-08-14,9,16
2411,2021-10-06,5,560
2412,2023-05-08,16,93
2413,2022-02-01,20,115
2414,2021-04-09,1,999
2415,2021-11-10,18,573
2416,2022-12-24,8,588
2417,2023-11-06,9,509
2418,2022-06-15,7,940
2419,2021-08-25,19,576
2420,2024-04-14,1,151
2421,2023-09-22,13,895
2422,2022-10-27,17,812
2423,2021-04-03,6,994
2424,2022-12-03,5,363
2425,2020-09-11,4,680
2426,2022-04-08,17,468
2427,2020-06-16,13,577
2428,2019-12-08,9,753
2429,2024-07-14,1,68
2430,2023-10-25,12,324
2431,2023-06-27,1,18
2432,2024-08-14,3,353
2433,2021-01-01,15,557
2434,2022-08-27,7,539
2435,2020-09-03,4,723
2436,2020-12-05,18,363
2437,2022-02-16,5,947
2438,2021-12-19,2,619
2439,2021-08-09,6,322
2440,2024-08-12,19,845
2441,2024-05-19,17,848
2442,2021-05-31,5,326
2443,2020-01-26,8,610
2444,2024-10-14,9,558
2445,2022-05-01,2,185
2446,2023-04-03,13,332
2447,2023-07-13,15,398
2448,2024-07-29,20,857
2449,2021-06-17,5,588
2450,2022-09-14,2,720
2451,2020-10-11,7,657
2452,2024-10-24,11,444
2453,2022-05-13,11,425
2454,2022-05-14,12,917
2455,2023-08-28,19,770
2456,2022-08-14,4,828
2457,2021-12-14,11,541
2458,2022-02-19,1,941
2459,2024-05-18,9,851
2460,2021-06-25,12,539
2461,2020-03-29,10,609
2462,2021-07-19,19,307
2463,2021-04-03,7,89
2464,2022-01-02,14,717
2465,2022-04-04,2,157
2466,2021-10-03,17,438
2467,2019-12-10,13,443
2468,2020-02-21,18,205
2469,2021-07-19,4,359
2470,2024-04-15,10,104
2471,2024-10-28,1,423
2472,2024-07-24,5,662
2473,2023-08-06,4,506
2474,2023-09-08,9,840
2475,2023-03-06,3,781
2476,2019-12-10,12,89
2477,2020-06-30,17,28
2478,2024-08-16,2,535
2479,2024-07-17,17,854
2480,2024-04-28,11,807
2481,2022-05-12,13,418
2482,2024-04-23,12,176
2483,2021-01-14,10,574
2484,2021-01-27,20,751
2485,2024-06-08,14,284
2486,2022-09-02,19,292
2487,2020-02-17,5,612
2488,2022-03-06,14,621
2489,2021-08-12,20,74
2490,2019-12-13,13,876
2491,2024-07-04,20,632
2492,2023-02-26,8,753
2493,2020-03-02,20,285
2494,2020-05-18,13,563
2495,2023-03-11,13,216
2496,2022-11-25,11,708
2497,2022-05-30,13,636
2498,2023-11-04,5,459
2499,2024-06-02,15,294
2500,2024-01-08,17,331
2501,2020-09-28,19,799
2502,2022-11-10,19,246
2503,2020-08-03,13,708
2504,2021-06-20,17,939
2505,2022-09-01,15,664
2506,2022-01-04,20,521
2507,2021-09-25,16,601
2508,2021-02-19,17,792
2509,2020-04-29,2,929
2510,2023-05-18,5,875
2511,2020-06-16,3,518
2512,2022-05-12,11,311
2513,2024-10-21,9,830
2514,2023-10-31,8,228
2515,2021-12-02,20,615
2516,2020-02-14,19,594
2517,2023-05-21,14,97
2518,2020-04-03,13,618
2519,2020-10-13,1,189
2520,2023-12-22,12,510
2521,2023-07-03,12,851
2522,2021-05-25,7,433
2523,2021-03-17,15,34
2524,2023-07-06,11,947
2525,2020-06-02,20,403
2526,2023-06-19,2,442
2527,2023-07-22,9,743
2528,2022-11-08,17,876
2529,2020-05-26,7,83
2530,2021-07-01,10,155
2531,2022-12-09,5,361
2532,2022-07-22,10,710
2533,2023-12-16,16,165
2534,2022-12-02,4,574
2535,2024-05-30,14,505
2536,2024-11-28,1,616
2537,2020-01-22,13,33
2538,2023-06-05,20,641
2539,2022-12-26,13,14
2540,2020-08-07,19,194
2541,2024-01-09,6,399
2542,2024-07-24,2,998
2543,2022-08-30,20,276
2544,2020-10-27,11,461
2545,2023-02-13,20,210
2546,2021-08-25,19,676
2547,2022-12-04,2,429
2548,2020-09-06,18,231
2549,2022-05-07,2,867
2550,2020-06-16,9,595
2551,2020-10-28,4,689
2552,2024-02-11,2,742
2553,2024-10-23,16,619
2554,2023-05-15,6,696
2555,2023-02-15,2,287
2556,2021-08-04,1,103
2557,2021-11-17,3,106
2558,2023-01-02,5,944
2559,2024-01-25,12,539
2560,2021-04-08,16,250
2561,2021-09-15,10,113
2562,2022-09-08,17,870
2563,2023-05-01,20,921
2564,2022-03-31,17,377
2565,2023-02-08,18,335
2566,2023-09-15,18,462
2567,2021-12-07,4,30
2568,2021-08-26,13,665
2569,2021-11-11,18,601
2570,2019-12-31,13,701
2571,2021-06-08,3,546
2572,2020-01-03,19,629
2573,2022-04-18,5,551
2574,2020-01-20,12,430
2575,2022-04-16,13,909
2576,2022-12-07,16,250
2577,2021-08-03,15,464
2578,2020-03-27,9,708
2579,2020-02-24,14,128
2580,2022-09-07,10,662
2581,2020-11-09,2,859
2582,2021-06-13,12,858
2583,2022-07-15,8,856
2584,2024-08-04,3,81
2585,2024-11-03,13,466
2586,2022-05-05,4,801
2587,2024-06-21,17,728
2588,2023-06-05,18,843
2589,2022-11-06,12,82
2590,2024-10-19,10,797
2591,2022-07-23,6,826
2592,2023-01-04,18,469
2593,2023-07-28,8,512
2594,2022-07-12,17,476
2595,2023-01-20,3,976
2596,2020-08-29,9,192
2597,2023-06-17,6,284
2598,2019-12-31,19,325
2599,2022-10-10,15,114
2600,2024-09-02,20,93
2601,2021-01-18,4,672
2602,2021-04-17,20,836
2603,2021-02-25,1,656
2604,2024-10-15,2,533
2605,2024-03-24,5,761
2606,2022-03-27,4,532
2607,2020-05-23,10,884
2608,2022-12-21,19,650
2609,2021-06-23,1,443
2610,2022-12-06,3,477
2611,2024-02-01,10,988
2612,2023-08-15,19,2
2613,2021-03-01,12,564
2614,2024-01-17,10,807
2615,2021-07-01,14,646
2616,2021-01-28,17,774
2617,2023-08-18,20,570
2618,2020-08-10,18,641
2619,2021-05-04,16,374
2620,2020-06-03,16,695
2621,2023-03-09,2,262
2622,2021-08-17,14,914
2623,2024-02-13,13,2
2624,2020-02-07,16,740
2625,2022-05-01,12,386
2626,2024-05-31,7,946
2627,2021-08-31,20,575
2628,2023-08-16,19,577
2629,2021-10-04,3,278
2630,2023-01-26,19,104
2631,2024-02-07,8,69
2632,2020-01-23,5,975
2633,2023-11-21,18,965
2634,2023-09-12,1,125
2635,2020-12-19,11,804
2636,2022-11-18,2,635
2637,2022-01-21,2,514
2638,2019-12-18,15,262
2639,2024-04-25,19,702
2640,2022-09-13,10,567
2641,2020-10-03,15,357
2642,2023-10-27,1,781
2643,2023-09-22,13,674
2644,2021-05-12,12,713
2645,2021-04-30,17,637
2646,2020-06-11,9,109
2647,2023-08-21,14,232
2648,2020-06-17,20,204
2649,2020-06-22,2,936
2650,2023-11-22,1,978
2651,2023-12-24,9,961
2652,2024-11-14,14,739
2653,2024-02-24,14,542
2654,2024-04-26,13,949
2655,2023-01-17,5,148
2656,2024-01-20,11,337
2657,2022-10-12,1,330
2658,2022-09-19,8,966
2659,2023-11-24,18,188
2660,2024-01-20,16,183
2661,2020-07-30,17,737
2662,2022-07-05,20,808
2663,2021-02-11,14,460
2664,2022-01-19,19,960
2665,2023-02-13,7,447
2666,2023-04-23,16,617
2667,2024-09-30,3,88
2668,2023-12-14,18,611
2669,2022-11-27,8,960
2670,2024-09-27,6,927
2671,2020-02-09,20,374
2672,2023-05-02,1,550
2673,2021-03-20,3,508
2674,2023-12-19,15,124
2675,2020-03-05,12,504
2676,2022-08-21,17,2
2677,2020-07-17,15,721
2678,2022-07-12,17,94
2679,2024-08-25,9,704
2680,2020-07-08,8,893
2681,2021-06-15,16,535
2682,2023-08-26,6,520
2683,2020-07-03,4,459
2684,2021-07-04,3,23
2685,2022-06-30,12,838
2686,2023-10-31,15,315
2687,2023-10-11,15,180
2688,2023-05-13,14,118
2689,2020-01-07,2,468
2690,2024-05-06,13,967
2691,2022-10-13,9,89
2692,2021-02-18,16,255
2693,2023-10-21,9,299
2694,2020-08-19,16,161
2695,2022-05-26,13,332
2696,2020-08-17,11,482
2697,2023-06-11,11,147
2698,2021-11-30,6,117
2699,2021-01-09,1,122
2700,2022-08-01,14,805
2701,2024-09-09,7,292
2702,2021-11-02,17,889
2703,2020-04-14,7,738
2704,2020-06-09,4,35
2705,2021-06-06,3,317
2706,2023-06-30,1,818
2707,2021-09-16,16,916
2708,2022-11-04,7,20
2709,2020-08-23,3,254
2710,2021-12-24,5,357
2711,2023-06-18,11,116
2712,2024-10-25,15,557
2713,2021-03-07,12,236
2714,2023-12-25,14,252
2715,2023-12-04,4,79
2716,2022-12-21,16,627
2717,2020-06-07,2,291
2718,2023-02-11,19,618
2719,2022-04-07,18,877
2720,2020-08-18,16,909
2721,2024-10-19,6,695
2722,2023-07-11,6,729
2723,2024-02-26,5,701
2724,2021-12-15,18,765
2725,2023-10-25,5,993
2726,2020-02-29,2,433
2727,2020-07-06,16,48
2728,2021-12-23,3,507
2729,2021-09-22,18,595
2730,2023-11-10,14,883
2731,2020-10-08,19,604
2732,2024-07-28,13,511
2733,2024-05-04,17,145
2734,2019-12-29,10,523
2735,2023-02-10,16,402
2736,2022-06-03,17,995
2737,2023-08-19,7,600
2738,2020-12-31,16,447
2739,2023-01-16,12,466
2740,2022-04-21,17,373
2741,2022-03-25,4,478
2742,2023-11-13,12,785
2743,2020-11-21,2,115
2744,2020-04-06,14,504
2745,2021-03-04,7,552
2746,2020-07-28,8,394
2747,2024-01-01,20,409
2748,2020-12-07,10,458
2749,2023-05-02,7,369
2750,2023-09-04,11,623
2751,2023-08-01,19,571
2752,2024-05-20,7,683
2753,2021-09-07,17,170
2754,2021-09-16,16,199
2755,2023-04-16,8,601
2756,2022-06-14,6,990
2757,2021-10-15,20,312
2758,2022-07-31,6,262
2759,2020-03-23,17,908
2760,2023-12-24,1,866
2761,2022-12-04,8,885
2762,2024-08-03,13,76
2763,2023-02-25,15,987
2764,2023-04-15,5,32
2765,2022-06-26,18,895
2766,2021-03-24,1,716
2767,2024-10-24,12,386
2768,2021-09-11,6,29
2769,2021-07-29,7,413
2770,2022-12-25,19,585
2771,2022-11-24,16,358
2772,2023-06-18,16,403
2773,2021-11-24,6,558
2774,2023-11-10,15,606
2775,2023-10-23,1,919
2776,2021-01-29,6,514
2777,2024-05-22,15,92
2778,2021-07-05,11,890
2779,2023-03-06,5,827
2780,2023-06-06,19,690
2781,2023-07-18,2,965
2782,2021-08-04,17,832
2783,2020-02-28,15,649
2784,2021-08-10,7,682
2785,2022-09-28,3,152
2786,2021-03-27,17,807
2787,2020-07-09,14,433
2788,2021-09-14,6,89
2789,2021-04-15,1,814
2790,2024-06-21,17,260
2791,2024-08-23,5,479
2792,2023-07-05,19,286
2793,2022-06-11,2,821
2794,2020-01-05,11,62
2795,2024-04-05,11,195
2796,2020-04-20,7,600
2797,2020-12-12,8,341
2798,2022-11-10,6,219
2799,2024-04-15,18,268
2800,2021-02-16,18,564
2801,2020-12-24,11,714
2802,2019-12-12,10,88
2803,2022-10-26,19,701
2804,2019-11-30,19,845
2805,2020-05-07,8,1000
2806,2020-05-17,2,461
2807,2022-04-01,12,340
2808,2024-10-31,1,298
2809,2020-12-04,13,103
2810,2024-11-08,18,113
2811,2022-05-13,6,572
2812,2021-12-11,17,572
2813,2021-10-31,14,692
2814,2021-09-01,17,291
2815,2022-06-09,7,638
2816,2020-12-07,7,727
2817,2023-09-21,20,304
2818,2023-12-28,13,791
2819,2020-07-07,2,632
2820,2022-09-08,13,114
2821,2024-04-28,18,477
2822,2022-04-01,19,490
2823,2024-07-09,6,579
2824,2022-10-28,6,769
2825,2024-01-08,13,511
2826,2024-03-01,17,925
2827,2022-05-29,15,332
2828,2020-03-19,20,283
2829,2021-07-03,16,389
2830,2021-03-06,10,459
2831,2022-01-03,14,899
2832,2024-01-01,1,354
2833,2024-10-23,16,584
2834,2024-07-09,7,1
2835,2020-07-27,3,957
2836,2022-04-24,20,757
2837,2021-06-03,12,240
2838,2023-02-16,4,252
2839,2020-06-20,4,587
2840,2022-05-24,9,365
2841,2019-12-17,3,297
2842,2023-01-18,19,74
2843,2022-11-07,10,926
2844,2022-02-05,7,203
2845,2020-04-13,16,652
2846,2023-05-19,16,729
2847,2023-04-25,15,263
2848,2021-08-27,5,293
2849,2020-08-18,16,768
2850,2022-01-27,8,25
2851,2021-06-23,1,476
2852,2021-10-06,13,645
2853,2020-07-28,9,410
2854,2024-07-19,13,201
2855,2023-03-17,16,700
2856,2023-08-03,6,661
2857,2023-05-24,11,157
2858,2023-11-21,7,73
2859,2023-01-09,3,400
2860,2020-02-15,7,23
2861,2023-12-12,17,781
2862,2023-09-29,19,515
2863,2021-10-15,14,174
2864,2020-12-14,3,589
2865,2021-11-05,20,478
2866,2022-10-23,13,335
2867,2021-10-15,19,548
2868,2021-09-17,11,131
2869,2023-01-19,3,777
2870,2019-12-21,10,446
2871,2023-02-08,10,160
2872,2021-10-30,17,831
2873,2023-08-19,8,467
2874,2022-08-25,5,575
2875,2021-07-11,14,973
2876,2023-04-07,14,577
2877,2021-03-17,12,191
2878,2024-02-10,18,768
2879,2022-07-16,5,231
2880,2020-05-30,18,277
2881,2023-09-04,4,247
2882,2022-11-16,3,55
2883,2020-06-16,6,222
2884,2024-04-19,2,29
2885,2020-11-17,11,203
2886,2021-04-10,12,631
2887,2024-03-12,9,652
2888,2021-10-10,11,533
2889,2023-02-10,6,198
2890,2023-07-07,15,708
2891,2021-04-06,3,359
2892,2023-01-08,1,793
2893,2024-10-28,13,178
2894,2023-10-09,5,807
2895,2023-03-24,19,90
2896,2024-05-15,17,867
2897,2020-12-31,11,465
2898,2023-06-26,4,466
2899,2020-02-26,2,721
2900,2020-11-30,7,350
2901,2023-08-19,3,59
2902,2021-04-28,2,83
2903,2023-06-08,17,732
2904,2023-04-28,13,45
2905,2021-07-11,10,756
2906,2021-02-07,1,958
2907,2023-08-27,4,400
2908,2022-03-30,1,105
2909,2020-06-26,8,188
2910,2024-05-09,17,45
2911,2020-03-17,2,333
2912,2024-02-11,7,232
2913,2020-11-12,7,322
2914,2024-03-13,15,759
2915,2024-04-27,12,28
2916,2022-10-13,4,341
2917,2020-10-07,15,487
2918,2022-12-07,20,926
2919,2022-02-13,11,848
2920,2022-05-21,9,180
2921,2021-11-07,14,249
2922,2022-05-11,8,326
2923,2024-09-15,1,728
2924,2023-08-28,18,548
2925,2022-06-19,16,852
2926,2024-05-07,4,861
2927,2022-07-12,7,63
2928,2023-03-29,9,801
2929,2021-03-08,13,180
2930,2022-08-08,3,944
2931,2023-11-06,1,871
2932,2021-03-18,7,306
2933,2023-09-07,3,729
2934,2024-10-19,6,626
2935,2023-10-26,15,84
2936,2020-04-13,15,759
2937,2023-05-02,16,219
2938,2020-04-12,1,492
2939,2023-02-27,17,115
2940,2022-11-10,8,328
2941,2022-10-07,15,394
2942,2020-12-07,13,218
2943,2020-04-05,6,853
2944,2021-01-04,6,133
2945,2024-06-15,7,902
2946,2024-09-20,4,985
2947,2023-07-27,4,120
2948,2020-06-13,2,799
2949,2022-05-28,12,353
2950,2021-09-05,5,434
2951,2022-08-17,9,463
2952,2023-05-11,19,302
2953,2022-11-18,17,501
2954,2024-09-23,9,576
2955,2023-01-30,14,176
2956,2019-12-11,14,314
2957,2020-03-05,20,133
2958,2020-11-02,5,862
2959,2020-06-29,19,511
2960,2021-02-10,1,186
2961,2022-12-25,20,611
2962,2020-10-27,18,177
2963,2023-06-10,13,668
2964,2021-12-19,5,685
2965,2024-07-15,3,723
2966,2020-12-12,20,103
2967,2024-10-29,1,376
2968,2023-12-23,9,36
2969,2021-07-28,8,260
2970,2022-03-14,17,727
2971,2023-08-03,16,668
2972,2023-03-20,11,552
2973,2023-09-18,1,812
2974,2024-08-04,10,264
2975,2023-11-04,4,574
2976,2021-10-04,8,608
2977,2021-05-04,7,973
2978,2024-03-30,9,274
2979,2019-12-21,4,399
2980,2022-07-19,9,983
2981,2020-01-27,2,325
2982,2022-06-14,6,424
2983,2023-10-30,6,914
2984,2022-04-14,7,340
2985,2023-01-31,14,55
2986,2023-08-22,20,918
2987,2023-09-13,13,683
2988,2020-12-12,13,497
2989,2023-12-09,13,806
2990,2021-11-21,14,874
2991,2022-11-02,5,862
2992,2021-05-27,4,223
2993,2020-05-17,6,178
2994,2020-01-22,15,644
2995,2024-06-19,3,82
2996,2023-08-24,7,812
2997,2022-10-24,1,678
2998,2022-12-03,12,511
2999,2019-11-30,19,646
3000,2023-05-23,14,276
